# 80x80 training kernel sorted by class; first 40 rows/cols = class 0
1.00000,0.37058,0.83382,0.90416,0.48713,0.29464,0.53649,0.91255,0.37934,0.24509,0.51762,0.46712,0.79709,0.42716,0.45063,0.45666,0.96197,0.05620,0.85787,0.43172,0.48865,0.83359,0.77823,0.74512,0.36228,0.85774,0.13359,0.04657,0.67167,0.96035,0.39174,0.88269,0.36690,0.96718,0.89393,0.43324,0.37681,0.84973,0.70375,0.87275,0.66737,0.86811,0.79922,0.59455,0.78298,0.64660,0.90759,0.92611,0.75990,0.70056,0.73532,0.90726,0.38997,0.58940,0.84649,0.75541,0.90325,0.69972,0.88877,0.31874,0.66998,0.90424,0.82921,0.76451,0.91564,0.60072,0.64533,0.81753,0.50961,0.79740,0.47126,0.72521,0.33155,0.59373,0.61652,0.87242,0.27497,0.72553,0.51082,0.39272
0.37058,1.00000,0.66292,0.62032,0.63126,0.98140,0.95427,0.60763,0.98011,0.02177,0.93158,0.49276,0.73740,0.96317,0.38394,0.66536,0.45953,0.00152,0.69433,0.67084,0.85462,0.71515,0.79277,0.83265,0.09447,0.63509,0.00504,0.04668,0.88976,0.32475,0.47585,0.60247,0.06990,0.49101,0.57190,0.15615,0.72392,0.70583,0.77397,0.24958,0.31008,0.19883,0.06006,0.33553,0.39465,0.53640,0.30557,0.28074,0.24754,0.08342,0.41768,0.47773,0.27369,0.92547,0.17138,0.04366,0.14896,0.49894,0.32225,0.25581,0.72713,0.33802,0.10257,0.14020,0.55606,0.25495,0.43675,0.60359,0.27560,0.12589,0.25114,0.50033,0.28361,0.33328,0.29381,0.16130,0.25469,0.48902,0.25871,0.25183
0.83382,0.66292,1.00000,0.97255,0.55916,0.55916,0.83636,0.96910,0.64223,0.19716,0.83329,0.47777,0.98899,0.67713,0.41087,0.54358,0.91913,0.08611,0.97913,0.52076,0.66866,0.98382,0.96408,0.92580,0.30258,0.99662,0.13359,0.06862,0.89389,0.74910,0.38295,0.98752,0.27120,0.92579,0.98136,0.33848,0.49113,0.97886,0.96325,0.61490,0.51600,0.69076,0.43831,0.52118,0.71550,0.67893,0.81969,0.79626,0.52018,0.34335,0.70744,0.89766,0.42563,0.82087,0.64761,0.37935,0.62062,0.71173,0.82993,0.37715,0.77390,0.84561,0.53551,0.43467,0.88142,0.38887,0.64951,0.83760,0.51289,0.45382,0.48418,0.73143,0.38700,0.48201,0.44243,0.63914,0.34755,0.72781,0.50998,0.42770
0.90416,0.62032,0.97255,1.00000,0.57874,0.52859,0.78886,0.99976,0.62036,0.15369,0.76420,0.50190,0.97086,0.66315,0.43991,0.56435,0.97156,0.03628,0.99341,0.54293,0.67580,0.98702,0.96178,0.93129,0.26979,0.98529,0.08000,0.08575,0.88748,0.80179,0.42222,0.99236,0.25283,0.97908,0.97073,0.33773,0.51201,0.99115,0.89390,0.65791,0.50339,0.76779,0.54216,0.47958,0.70155,0.68128,0.86923,0.86314,0.54288,0.41326,0.68947,0.92100,0.34381,0.81426,0.73024,0.47817,0.72048,0.70727,0.86403,0.28901,0.78752,0.88248,0.63883,0.49414,0.91325,0.39946,0.63690,0.85373,0.44656,0.52357,0.41429,0.72741,0.30108,0.45547,0.43878,0.73135,0.25709,0.72205,0.45671,0.34581
0.48713,0.63126,0.55916,0.57874,1.00000,0.67897,0.60264,0.57643,0.74447,0.34047,0.53190,0.97814,0.57375,0.79018,0.93249,0.99668,0.50582,0.13348,0.60489,0.99222,0.92490,0.59419,0.63707,0.72159,0.54586,0.55376,0.21415,0.03726,0.72131,0.45302,0.95883,0.54610,0.52840,0.53412,0.58757,0.70042,0.96683,0.60882,0.52812,0.32607,0.29906,0.39598,0.25380,0.38371,0.63447,0.93299,0.48371,0.43443,0.25221,0.14497,0.73589,0.60546,0.46276,0.78163,0.37584,0.21932,0.33591,0.87199,0.52181,0.45268,0.93767,0.52858,0.31489,0.18205,0.71682,0.15168,0.85834,0.83437,0.54594,0.20186,0.54774,0.85238,0.44982,0.29770,0.21335,0.35891,0.44842,0.84185,0.64763,0.47761
0.29464,0.98140,0.55916,0.52859,0.67897,1.00000,0.88680,0.51657,0.98838,0.02035,0.85017,0.54455,0.63679,0.97017,0.43537,0.71968,0.37250,0.00951,0.60328,0.73102,0.88110,0.62059,0.70759,0.76944,0.09559,0.53297,0.00766,0.06465,0.83301,0.25721,0.54987,0.50288,0.07277,0.40487,0.47808,0.17099,0.79333,0.61516,0.66744,0.19006,0.27116,0.15214,0.03220,0.30997,0.35589,0.54123,0.24078,0.21594,0.19684,0.04651,0.39061,0.39938,0.27415,0.89566,0.13107,0.01834,0.10289,0.48837,0.25617,0.26387,0.72459,0.27057,0.07320,0.09260,0.49878,0.21428,0.43245,0.56991,0.26310,0.07825,0.24179,0.48411,0.29182,0.30288,0.25526,0.11944,0.26812,0.47179,0.24964,0.25065
0.53649,0.95427,0.83636,0.78886,0.60264,0.88680,1.00000,0.77723,0.91763,0.05023,0.98930,0.47040,0.89279,0.91592,0.36749,0.62125,0.64214,0.00643,0.84955,0.61591,0.81848,0.86995,0.92017,0.92665,0.13537,0.81324,0.02071,0.04475,0.95914,0.46593,0.41920,0.78366,0.10569,0.66798,0.74954,0.18696,0.64318,0.85844,0.91541,0.36193,0.36715,0.34458,0.15390,0.38136,0.49403,0.58203,0.47548,0.45042,0.32763,0.14965,0.50698,0.64129,0.29960,0.94996,0.30718,0.12338,0.28539,0.56774,0.49159,0.27065,0.76335,0.50942,0.21562,0.22246,0.68446,0.29428,0.49886,0.69755,0.33249,0.21720,0.30564,0.57652,0.29342,0.37148,0.33579,0.29802,0.26017,0.56683,0.32152,0.28534
0.91255,0.60763,0.96910,0.99976,0.57643,0.51657,0.77723,1.00000,0.60895,0.15667,0.75221,0.50210,0.96568,0.65257,0.44207,0.56121,0.97602,0.03614,0.99084,0.53955,0.66866,0.98336,0.95615,0.92536,0.27348,0.98291,0.08112,0.08531,0.87950,0.81120,0.42267,0.99129,0.25760,0.98320,0.97067,0.34247,0.50721,0.98823,0.88619,0.66818,0.50911,0.77782,0.55665,0.48311,0.70605,0.68161,0.87634,0.87150,0.55169,0.42577,0.69265,0.92447,0.34435,0.80536,0.74091,0.49261,0.73333,0.70869,0.87024,0.28873,0.78454,0.88859,0.65205,0.50597,0.91641,0.40599,0.63867,0.85470,0.44862,0.53625,0.41606,0.72911,0.30072,0.45957,0.44447,0.74298,0.25623,0.72393,0.45900,0.34655
0.37934,0.98011,0.64223,0.62036,0.74447,0.98838,0.91763,0.60895,1.00000,0.04256,0.87180,0.61100,0.71520,0.99542,0.49989,0.77856,0.46493,0.00644,0.69085,0.78515,0.93195,0.70491,0.78516,0.84571,0.14134,0.62004,0.01435,0.05716,0.89731,0.32699,0.60175,0.59289,0.11564,0.49809,0.57012,0.22912,0.83373,0.70184,0.72500,0.23444,0.29190,0.22553,0.06882,0.33552,0.42825,0.62746,0.32913,0.29967,0.22105,0.05659,0.47060,0.49514,0.30147,0.94981,0.19951,0.04504,0.16466,0.57632,0.34754,0.28664,0.80729,0.36320,0.12651,0.11131,0.59287,0.21412,0.51635,0.66360,0.31021,0.10291,0.28856,0.57261,0.31243,0.31707,0.26216,0.18573,0.28746,0.55968,0.31069,0.28235
0.24509,0.02177,0.19716,0.15369,0.34047,0.02035,0.05023,0.15667,0.04256,1.00000,0.05080,0.44400,0.13561,0.06349,0.51726,0.29107,0.17797,0.88341,0.13841,0.26906,0.15827,0.13279,0.11458,0.12446,0.95291,0.18686,0.96332,0.46946,0.09888,0.36554,0.35526,0.17843,0.94561,0.18052,0.27338,0.83385,0.19504,0.13585,0.15328,0.39670,0.48673,0.24221,0.20025,0.57916,0.60976,0.52139,0.29542,0.23019,0.41628,0.27671,0.64118,0.31973,0.74370,0.09670,0.23174,0.21354,0.19152,0.56949,0.35211,0.74956,0.30520,0.33649,0.18419,0.31910,0.35059,0.35877,0.64366,0.40236,0.78939,0.30224,0.82224,0.56340,0.71233,0.48938,0.41253,0.20253,0.73585,0.57608,0.84004,0.78259
0.51762,0.93158,0.83329,0.76420,0.53190,0.85017,0.98930,0.75221,0.87180,0.05080,1.00000,0.40568,0.88184,0.86328,0.30905,0.54830,0.62161,0.01383,0.82408,0.54213,0.74911,0.84893,0.89347,0.88536,0.12480,0.80453,0.02722,0.03699,0.91933,0.45497,0.35075,0.77029,0.09276,0.64428,0.73924,0.15924,0.56838,0.83284,0.93271,0.36366,0.37231,0.32590,0.15165,0.38355,0.47579,0.52855,0.45580,0.43233,0.33540,0.16323,0.48013,0.62026,0.30432,0.90038,0.28876,0.12594,0.27428,0.52335,0.47309,0.27716,0.69932,0.48935,0.20257,0.23425,0.64644,0.30623,0.45881,0.64945,0.33059,0.22697,0.30453,0.53402,0.29847,0.37607,0.34434,0.28169,0.26703,0.52603,0.31000,0.29015
0.46712,0.49276,0.47777,0.50190,0.97814,0.54455,0.47040,0.50210,0.61100,0.44400,0.40568,1.00000,0.47614,0.66124,0.98687,0.96379,0.45905,0.19731,0.51459,0.95717,0.82980,0.49981,0.52971,0.61053,0.65442,0.47598,0.29675,0.04457,0.59979,0.45058,0.98219,0.47295,0.64652,0.48316,0.52861,0.81021,0.91301,0.51648,0.42731,0.33776,0.29011,0.40273,0.29830,0.37124,0.63457,0.93070,0.47513,0.42397,0.26025,0.19189,0.74276,0.57167,0.47278,0.65720,0.38742,0.27087,0.35463,0.87226,0.51674,0.46539,0.87547,0.51932,0.34184,0.21563,0.67410,0.15133,0.87906,0.79362,0.57141,0.23892,0.58226,0.84883,0.45288,0.28009,0.20395,0.37180,0.45957,0.84054,0.69884,0.49788
0.79709,0.73740,0.98899,0.97086,0.57375,0.63679,0.89279,0.96568,0.71520,0.13561,0.88184,0.47614,1.00000,0.74503,0.39832,0.56683,0.89635,0.04788,0.98840,0.54781,0.71610,0.99532,0.98953,0.95864,0.23940,0.98646,0.08153,0.07961,0.93824,0.69786,0.39280,0.97679,0.21031,0.90689,0.95100,0.28733,0.53123,0.98992,0.96660,0.55856,0.46118,0.64132,0.39152,0.45961,0.65329,0.65657,0.77022,0.75147,0.46702,0.30127,0.65047,0.86032,0.35643,0.87407,0.59844,0.33414,0.57328,0.67581,0.77561,0.31086,0.78575,0.79412,0.48860,0.38719,0.85608,0.35308,0.60633,0.81807,0.43819,0.40486,0.40922,0.69357,0.32347,0.43115,0.39949,0.59146,0.28498,0.68747,0.43959,0.35569
0.42716,0.96317,0.67713,0.66315,0.79018,0.97017,0.91592,0.65257,0.99542,0.06349,0.86328,0.66124,0.74503,1.00000,0.55127,0.81978,0.51270,0.00874,0.72910,0.82380,0.95910,0.73991,0.81521,0.87733,0.17843,0.65804,0.02396,0.05371,0.92042,0.36823,0.64535,0.63371,0.15170,0.54610,0.61529,0.27598,0.86301,0.73927,0.74089,0.26134,0.30387,0.27143,0.09692,0.35217,0.47411,0.68425,0.38064,0.34843,0.23515,0.06527,0.52239,0.54793,0.32337,0.96923,0.24347,0.06719,0.20502,0.63337,0.40110,0.30643,0.85552,0.41696,0.16386,0.12383,0.64600,0.21143,0.57288,0.71865,0.34420,0.11984,0.32295,0.62934,0.33037,0.32491,0.26431,0.22861,0.30547,0.61617,0.35463,0.30736
0.45063,0.38394,0.41087,0.43991,0.93249,0.43537,0.36749,0.44207,0.49989,0.51726,0.30905,0.98687,0.39832,0.55127,1.00000,0.91027,0.42120,0.24579,0.44192,0.90215,0.73660,0.42432,0.44355,0.51832,0.72256,0.41237,0.35732,0.05418,0.49994,0.44826,0.97097,0.41343,0.72485,0.44179,0.47724,0.87488,0.84542,0.44220,0.34671,0.35084,0.28695,0.40522,0.33490,0.35870,0.62141,0.90228,0.46366,0.41320,0.27339,0.23683,0.72907,0.54094,0.46635,0.55202,0.39400,0.31418,0.36948,0.84835,0.50686,0.46002,0.80574,0.50604,0.36222,0.25037,0.63051,0.16276,0.86954,0.74460,0.57434,0.27514,0.59096,0.82329,0.44143,0.26985,0.20537,0.38039,0.45271,0.81695,0.71698,0.49787
0.45666,0.66536,0.54358,0.56435,0.99668,0.71968,0.62125,0.56121,0.77856,0.29107,0.54830,0.96379,0.56683,0.81978,0.91027,1.00000,0.48368,0.10603,0.59541,0.99890,0.94189,0.58630,0.63559,0.72361,0.49191,0.53786,0.17543,0.04219,0.73041,0.41554,0.95521,0.52953,0.47420,0.51228,0.56238,0.65080,0.98428,0.60019,0.52233,0.28948,0.27022,0.36982,0.22840,0.35358,0.59136,0.90476,0.45346,0.40762,0.22055,0.11862,0.69271,0.57400,0.42988,0.79750,0.35088,0.19402,0.30943,0.83682,0.48768,0.42247,0.92960,0.49552,0.29172,0.15221,0.68798,0.13165,0.81888,0.80809,0.50247,0.17104,0.50307,0.81652,0.42242,0.27343,0.19104,0.33428,0.42117,0.80482,0.59817,0.44096
0.96197,0.45953,0.91913,0.97156,0.50582,0.37250,0.64214,0.97602,0.46493,0.17797,0.62161,0.45905,0.89635,0.51270,0.42120,0.48368,1.00000,0.04663,0.93861,0.46094,0.55282,0.92355,0.87239,0.82902,0.28936,0.94401,0.09602,0.10122,0.76529,0.86261,0.38609,0.96488,0.28220,0.99728,0.94649,0.35752,0.41782,0.93228,0.79847,0.73249,0.52685,0.88046,0.69461,0.47909,0.70198,0.63302,0.94221,0.95052,0.60344,0.53426,0.67509,0.92061,0.32332,0.67862,0.85173,0.62919,0.85376,0.67076,0.92236,0.26359,0.70161,0.93915,0.78454,0.59938,0.89543,0.44016,0.60796,0.80894,0.43771,0.63952,0.40554,0.69328,0.27164,0.46167,0.46560,0.85958,0.22662,0.69033,0.44984,0.32945
0.05620,0.00152,0.08611,0.03628,0.13348,0.00951,0.00643,0.03614,0.00644,0.88341,0.01383,0.19731,0.04788,0.00874,0.24579,0.10603,0.04663,1.00000,0.03130,0.09487,0.04010,0.03534,0.02221,0.01701,0.73179,0.07795,0.97524,0.78321,0.01073,0.13872,0.13866,0.06929,0.70510,0.03868,0.11269,0.54242,0.06155,0.03037,0.07427,0.18174,0.33695,0.09824,0.03190,0.45323,0.37203,0.26050,0.12866,0.08984,0.23140,0.09397,0.38881,0.10925,0.68157,0.01073,0.09104,0.03849,0.03867,0.30463,0.15545,0.72107,0.10769,0.14559,0.04181,0.12729,0.12654,0.22518,0.37254,0.16724,0.64098,0.10544,0.67916,0.30058,0.68464,0.37052,0.28100,0.06423,0.73000,0.31279,0.63193,0.70720
0.85787,0.69433,0.97913,0.99341,0.60489,0.60328,0.84955,0.99084,0.69085,0.13841,0.82408,0.51459,0.98840,0.72910,0.44192,0.59541,0.93861,0.03130,1.00000,0.57563,0.72582,0.99832,0.98666,0.96298,0.25400,0.98572,0.07078,0.07923,0.93101,0.75562,0.43509,0.98593,0.23286,0.95033,0.96178,0.32097,0.55278,0.99983,0.92434,0.60966,0.48236,0.70354,0.46606,0.46931,0.68421,0.68966,0.81913,0.80689,0.50451,0.35402,0.67947,0.89975,0.34534,0.86691,0.66339,0.40459,0.64733,0.70841,0.81984,0.29427,0.81327,0.83874,0.56363,0.43848,0.90090,0.37534,0.63595,0.85581,0.43958,0.46236,0.40799,0.72676,0.30810,0.44372,0.41903,0.66106,0.26563,0.72025,0.44851,0.34512
0.43172,0.67084,0.52076,0.54293,0.99222,0.73102,0.61591,0.53955,0.78515,0.26906,0.54213,0.95717,0.54781,0.82380,0.90215,0.99890,0.46094,0.09487,0.57563,1.00000,0.94185,0.56704,0.61919,0.70947,0.46748,0.51526,0.15854,0.04693,0.71994,0.38814,0.95671,0.50706,0.45059,0.48918,0.53588,0.62963,0.99071,0.58073,0.50391,0.26466,0.24865,0.35190,0.21611,0.33111,0.56095,0.88474,0.43035,0.38677,0.19884,0.10561,0.66320,0.54627,0.40900,0.79184,0.33452,0.18267,0.29289,0.81211,0.46217,0.40394,0.91581,0.47022,0.27880,0.13496,0.66144,0.11698,0.79387,0.78394,0.47575,0.15359,0.47668,0.79078,0.40463,0.25412,0.17382,0.31835,0.40460,0.77856,0.57023,0.41868
0.48865,0.85462,0.66866,0.67580,0.92490,0.88110,0.81848,0.66866,0.93195,0.15827,0.74911,0.82980,0.71610,0.95910,0.73660,0.94189,0.55282,0.04010,0.72582,0.94185,1.00000,0.72578,0.78906,0.86582,0.32176,0.65683,0.08121,0.04312,0.88820,0.43033,0.80995,0.64070,0.29562,0.58591,0.64692,0.45239,0.95444,0.73343,0.68380,0.30044,0.31147,0.35241,0.16839,0.38069,0.57215,0.83208,0.45921,0.41885,0.24669,0.08724,0.64552,0.61618,0.39473,0.94317,0.32554,0.12991,0.28138,0.77472,0.48726,0.37883,0.94694,0.50063,0.24552,0.14319,0.72488,0.18184,0.72685,0.81911,0.44368,0.15146,0.42930,0.76474,0.39385,0.32384,0.24545,0.30871,0.37631,0.75162,0.49071,0.38994
0.83359,0.71515,0.98382,0.98702,0.59419,0.62059,0.86995,0.98336,0.70491,0.13279,0.84893,0.49981,0.99532,0.73991,0.42432,0.58630,0.92355,0.03534,0.99832,0.56704,0.72578,1.00000,0.99118,0.96501,0.24357,0.98742,0.07128,0.08185,0.93793,0.73013,0.41965,0.98412,0.21959,0.93481,0.95738,0.30418,0.54743,0.99888,0.94104,0.58538,0.46859,0.67965,0.43496,0.45946,0.66747,0.67558,0.80037,0.78587,0.48492,0.32960,0.66403,0.88386,0.34306,0.87405,0.63838,0.37452,0.61773,0.69347,0.80230,0.29426,0.80423,0.82128,0.53387,0.41428,0.88288,0.36219,0.62144,0.84063,0.43260,0.43601,0.40207,0.71146,0.30769,0.43333,0.40648,0.63399,0.26686,0.70489,0.43941,0.34261
0.77823,0.79277,0.96408,0.96178,0.63707,0.70759,0.92017,0.95615,0.78516,0.11458,0.89347,0.52971,0.98953,0.81521,0.44355,0.63559,0.87239,0.02221,0.98666,0.61919,0.78906,0.99118,1.00000,0.98838,0.22802,0.96206,0.05552,0.06804,0.97472,0.68026,0.45460,0.95307,0.20257,0.89011,0.92595,0.29488,0.60962,0.98946,0.94504,0.53699,0.44990,0.60338,0.36231,0.45003,0.64797,0.69080,0.73251,0.71318,0.44896,0.27721,0.65303,0.84988,0.34160,0.92725,0.56159,0.30685,0.53928,0.69785,0.74042,0.29646,0.83691,0.75961,0.45624,0.36300,0.86666,0.34399,0.62384,0.84321,0.42135,0.37858,0.39090,0.71307,0.31317,0.42486,0.39143,0.55542,0.27302,0.70499,0.42802,0.33763
0.74512,0.83265,0.92580,0.93129,0.72159,0.76944,0.92665,0.92536,0.84571,0.12446,0.88536,0.61053,0.95864,0.87733,0.51832,0.72361,0.82902,0.01701,0.96298,0.70947,0.86582,0.96501,0.98838,1.00000,0.25272,0.92163,0.05619,0.04921,0.99281,0.65802,0.54169,0.91130,0.22783,0.85375,0.89396,0.33655,0.70368,0.96701,0.91139,0.51338,0.44880,0.55769,0.32504,0.46251,0.66422,0.74986,0.68854,0.66346,0.43155,0.24558,0.68200,0.83406,0.36693,0.96719,0.51737,0.27241,0.49356,0.74493,0.70360,0.32414,0.89670,0.72199,0.41525,0.33202,0.87610,0.33235,0.67184,0.87694,0.44348,0.34475,0.41340,0.75612,0.34332,0.43154,0.38669,0.50963,0.30362,0.74667,0.45654,0.36101
0.36228,0.09447,0.30258,0.26979,0.54586,0.09559,0.13537,0.27348,0.14134,0.95291,0.12480,0.65442,0.23940,0.17843,0.72256,0.49191,0.28936,0.73179,0.25400,0.46748,0.32176,0.24357,0.22802,0.25272,1.00000,0.29315,0.85109,0.29641,0.21937,0.46696,0.56407,0.28554,0.99283,0.29807,0.39084,0.95576,0.37824,0.25130,0.24277,0.46148,0.49911,0.33224,0.28168,0.58896,0.71392,0.71109,0.39968,0.32875,0.44715,0.32012,0.77018,0.44501,0.73868,0.22368,0.31846,0.28739,0.28480,0.74127,0.46114,0.73282,0.49019,0.44862,0.27054,0.36245,0.49979,0.35429,0.80874,0.57114,0.82726,0.35713,0.85708,0.73023,0.69601,0.48782,0.40996,0.29203,0.71279,0.73949,0.91830,0.78307
0.85774,0.63509,0.99662,0.98529,0.55376,0.53297,0.81324,0.98291,0.62004,0.18686,0.80453,0.47598,0.98646,0.65804,0.41237,0.53786,0.94401,0.07795,0.98572,0.51526,0.65683,0.98742,0.96206,0.92163,0.29315,1.00000,0.12261,0.08410,0.88435,0.76146,0.38566,0.99700,0.26556,0.94792,0.98253,0.33593,0.48415,0.98447,0.94149,0.62193,0.49919,0.73230,0.47709,0.49513,0.70260,0.67045,0.85124,0.83305,0.51761,0.36204,0.69389,0.90417,0.39143,0.80773,0.69080,0.41408,0.66263,0.70175,0.85426,0.34135,0.76676,0.87093,0.58063,0.44827,0.88468,0.37940,0.63814,0.83355,0.48601,0.47254,0.45758,0.72153,0.34987,0.45908,0.42748,0.68332,0.31040,0.71752,0.48982,0.39541
0.13359,0.00504,0.13359,0.08000,0.21415,0.00766,0.02071,0.08112,0.01435,0.96332,0.02722,0.29675,0.08153,0.02396,0.35732,0.17543,0.09602,0.97524,0.07078,0.15854,0.08121,0.07128,0.05552,0.05619,0.85109,0.12261,1.00000,0.64574,0.04159,0.24241,0.21928,0.11239,0.83074,0.09264,0.18385,0.68097,0.10592,0.06917,0.10980,0.28612,0.42511,0.15586,0.09663,0.53471,0.49382,0.37637,0.19959,0.14531,0.32833,0.17618,0.51470,0.20021,0.73730,0.04006,0.14659,0.10780,0.09583,0.42722,0.24243,0.76077,0.18829,0.22912,0.09404,0.21758,0.22486,0.30089,0.50051,0.27108,0.73411,0.19487,0.77018,0.42302,0.72339,0.44661,0.35899,0.11633,0.75799,0.43637,0.74713,0.76928
0.04657,0.04668,0.06862,0.08575,0.03726,0.06465,0.04475,0.08531,0.05716,0.46946,0.03699,0.04457,0.07961,0.05371,0.05418,0.04219,0.10122,0.78321,0.07923,0.04693,0.04312,0.08185,0.06804,0.04921,0.29641,0.08410,0.64574,1.00000,0.04923,0.00449,0.05468,0.09529,0.27628,0.08419,0.04113,0.16138,0.06030,0.07804,0.04702,0.00112,0.05357,0.11247,0.07308,0.12555,0.05082,0.03203,0.09081,0.11729,0.00960,0.02021,0.06080,0.00751,0.33012,0.04370,0.11279,0.05902,0.10066,0.03687,0.05716,0.39504,0.01673,0.06352,0.10690,0.00802,0.00502,0.01949,0.06310,0.00598,0.24154,0.01409,0.27343,0.03336,0.36872,0.08275,0.03711,0.11693,0.43152,0.03656,0.21562,0.33866
0.67167,0.88976,0.89389,0.88748,0.72131,0.83301,0.95914,0.87950,0.89731,0.09888,0.91933,0.59979,0.93824,0.92042,0.49994,0.73041,0.76529,0.01073,0.93101,0.71994,0.88820,0.93793,0.97472,0.99281,0.21937,0.88435,0.04159,0.04923,1.00000,0.58707,0.53905,0.86824,0.19244,0.79218,0.84562,0.30049,0.72640,0.93702,0.90638,0.44973,0.41262,0.48315,0.25516,0.43245,0.61304,0.72203,0.61611,0.58863,0.38242,0.19382,0.63575,0.77356,0.34791,0.98680,0.44360,0.20793,0.41504,0.70820,0.63289,0.31066,0.88464,0.65136,0.34140,0.27635,0.82390,0.30469,0.63538,0.83780,0.41053,0.28352,0.38189,0.71698,0.33151,0.40498,0.35800,0.43346,0.29451,0.70656,0.42015,0.33907
0.96035,0.32475,0.74910,0.80179,0.45302,0.25721,0.46593,0.81120,0.32699,0.36554,0.45497,0.45058,0.69786,0.36823,0.44826,0.41554,0.86261,0.13872,0.75562,0.38814,0.43033,0.73013,0.68026,0.65802,0.46696,0.76146,0.24241,0.00449,0.58707,1.00000,0.36116,0.77895,0.47060,0.87671,0.82817,0.50492,0.32675,0.74774,0.63701,0.96778,0.82901,0.77277,0.78676,0.75659,0.87270,0.65374,0.81342,0.82639,0.89802,0.79009,0.80632,0.85309,0.53164,0.51499,0.75332,0.76898,0.84257,0.72724,0.80601,0.45250,0.62956,0.81913,0.76202,0.86696,0.90216,0.76407,0.68750,0.80891,0.64029,0.87909,0.59848,0.75539,0.46934,0.76333,0.78429,0.78615,0.40200,0.76036,0.61569,0.52999
0.39174,0.47585,0.38295,0.42222,0.95883,0.54987,0.41920,0.42267,0.60175,0.35526,0.35075,0.98219,0.39280,0.64535,0.97097,0.95521,0.38609,0.13866,0.43509,0.95671,0.80995,0.41965,0.45460,0.54169,0.56407,0.38566,0.21928,0.05468,0.53905,0.36116,1.00000,0.38706,0.56458,0.40748,0.42710,0.74382,0.92823,0.43723,0.33700,0.25586,0.20067,0.35885,0.28503,0.27044,0.51386,0.85230,0.40485,0.36608,0.18260,0.16498,0.62516,0.47700,0.37152,0.61091,0.35082,0.25989,0.32332,0.77512,0.43545,0.37217,0.81347,0.43844,0.32453,0.16865,0.57562,0.09459,0.78164,0.69853,0.45375,0.19504,0.46608,0.74747,0.36169,0.19415,0.13277,0.33968,0.37330,0.73708,0.58342,0.39259
0.88269,0.60247,0.98752,0.99236,0.54610,0.50288,0.78366,0.99129,0.59289,0.17843,0.77029,0.47295,0.97679,0.63371,0.41343,0.52953,0.96488,0.06929,0.98593,0.50706,0.64070,0.98412,0.95307,0.91130,0.28554,0.99700,0.11239,0.09529,0.86824,0.77895,0.38706,1.00000,0.26224,0.96664,0.98033,0.33502,0.47411,0.98361,0.91521,0.63678,0.49207,0.77148,0.52078,0.47847,0.69504,0.66181,0.87900,0.86653,0.52424,0.38885,0.68403,0.91115,0.36459,0.78856,0.73219,0.45488,0.70619,0.69286,0.87573,0.31267,0.75703,0.89291,0.62719,0.47034,0.88854,0.37942,0.62815,0.82950,0.46501,0.49922,0.43620,0.71304,0.32058,0.44610,0.42237,0.72678,0.28047,0.70886,0.47311,0.36967
0.36690,0.06990,0.27120,0.25283,0.52840,0.07277,0.10569,0.25760,0.11564,0.94561,0.09276,0.64652,0.21031,0.15170,0.72485,0.47420,0.28220,0.70510,0.23286,0.45059,0.29562,0.21959,0.20257,0.22783,0.99283,0.26556,0.83074,0.27628,0.19244,0.47060,0.56458,0.26224,1.00000,0.29120,0.36691,0.96354,0.36034,0.22957,0.20360,0.46898,0.48360,0.34098,0.31575,0.55578,0.68540,0.68669,0.39745,0.32996,0.45044,0.35322,0.73891,0.44380,0.68422,0.19614,0.33048,0.32461,0.30588,0.71402,0.46000,0.67650,0.46441,0.44531,0.29484,0.38701,0.48420,0.35921,0.78154,0.54782,0.77899,0.38431,0.80814,0.70262,0.64119,0.46621,0.40394,0.30723,0.65681,0.71148,0.87939,0.72836
0.96718,0.49101,0.92579,0.97908,0.53412,0.40487,0.66798,0.98320,0.49809,0.18052,0.64428,0.48316,0.90689,0.54610,0.44179,0.51228,0.99728,0.03868,0.95033,0.48918,0.58591,0.93481,0.89011,0.85375,0.29807,0.94792,0.09264,0.08419,0.79218,0.87671,0.40748,0.96664,0.29120,1.00000,0.95329,0.37109,0.44628,0.94468,0.81170,0.74727,0.55166,0.85415,0.67885,0.50504,0.72689,0.66097,0.92383,0.93075,0.62216,0.53584,0.70035,0.93231,0.34205,0.70981,0.82386,0.61675,0.83545,0.69805,0.90852,0.28058,0.73338,0.92580,0.75982,0.60674,0.91952,0.46185,0.63302,0.83766,0.45618,0.64340,0.42195,0.72071,0.29131,0.48869,0.49016,0.83434,0.24353,0.71747,0.46657,0.34609
0.89393,0.57190,0.98136,0.97073,0.58757,0.47808,0.74954,0.97067,0.57012,0.27338,0.73924,0.52861,0.95100,0.61529,0.47724,0.56238,0.94649,0.11269,0.96178,0.53588,0.64692,0.95738,0.92595,0.89396,0.39084,0.98253,0.18385,0.04113,0.84562,0.82817,0.42710,0.98033,0.36691,0.95329,1.00000,0.43400,0.48977,0.95910,0.91103,0.69647,0.58348,0.75994,0.51854,0.58876,0.79844,0.73770,0.88059,0.85277,0.59320,0.41201,0.78777,0.95667,0.48570,0.77148,0.71925,0.45789,0.69503,0.77963,0.89853,0.43050,0.79383,0.90983,0.61260,0.50751,0.93433,0.43933,0.72378,0.88762,0.58790,0.53029,0.55797,0.80018,0.43970,0.54198,0.49846,0.71070,0.39602,0.79836,0.59098,0.49043
0.43324,0.15615,0.33848,0.33773,0.70042,0.17099,0.18696,0.34247,0.22912,0.83385,0.15924,0.81021,0.28733,0.27598,0.87488,0.65080,0.35752,0.54242,0.32097,0.62963,0.45239,0.30418,0.29488,0.33655,0.95576,0.33593,0.68097,0.16138,0.30049,0.50492,0.74382,0.33502,0.96354,0.37109,0.43400,1.00000,0.53911,0.31818,0.26208,0.46622,0.43600,0.39472,0.35924,0.50555,0.70719,0.80953,0.45527,0.39025,0.41845,0.34753,0.78411,0.51428,0.62528,0.31683,0.38323,0.35834,0.36271,0.81048,0.51488,0.61393,0.61004,0.50440,0.35034,0.37443,0.57297,0.30728,0.86611,0.65523,0.74199,0.38386,0.76808,0.79352,0.58162,0.41170,0.35045,0.36398,0.59492,0.79755,0.87203,0.66978
0.37681,0.72392,0.49113,0.51201,0.96683,0.79333,0.64318,0.50721,0.83373,0.19504,0.56838,0.91301,0.53123,0.86301,0.84542,0.98428,0.41782,0.06155,0.55278,0.99071,0.95444,0.54743,0.60962,0.70368,0.37824,0.48415,0.10592,0.06030,0.72640,0.32675,0.92823,0.47411,0.36034,0.44628,0.48977,0.53911,1.00000,0.55927,0.49339,0.21004,0.21268,0.30297,0.17126,0.29239,0.49081,0.82427,0.37451,0.33663,0.15640,0.06710,0.58890,0.48765,0.36310,0.80810,0.28758,0.13949,0.24429,0.74389,0.39997,0.36187,0.88745,0.40953,0.23508,0.09231,0.60670,0.09613,0.71915,0.73053,0.40980,0.10749,0.40826,0.72244,0.36748,0.22632,0.14953,0.27194,0.36679,0.70889,0.48900,0.36596
0.84973,0.70583,0.97886,0.99115,0.60882,0.61516,0.85844,0.98823,0.70184,0.13585,0.83284,0.51648,0.98992,0.73927,0.44220,0.60019,0.93228,0.03037,0.99983,0.58073,0.73343,0.99888,0.98946,0.96701,0.25130,0.98447,0.06917,0.07804,0.93702,0.74774,0.43723,0.98361,0.22957,0.94468,0.95910,0.31818,0.55927,1.00000,0.92800,0.60176,0.47890,0.69275,0.45414,0.46745,0.68084,0.69045,0.81025,0.79711,0.49837,0.34500,0.67723,0.89530,0.34527,0.87458,0.65229,0.39322,0.63541,0.70797,0.81185,0.29483,0.81672,0.83080,0.55156,0.42983,0.89805,0.37170,0.63524,0.85534,0.43802,0.45279,0.40655,0.72599,0.30897,0.44177,0.41595,0.64948,0.26674,0.71930,0.44673,0.34467
0.70375,0.77397,0.96325,0.89390,0.52812,0.66744,0.91541,0.88619,0.72500,0.15328,0.93271,0.42731,0.96660,0.74089,0.34671,0.52233,0.79847,0.07427,0.92434,0.50391,0.68380,0.94104,0.94504,0.91139,0.24277,0.94149,0.10980,0.04702,0.90638,0.63701,0.33700,0.91521,0.20360,0.81170,0.91103,0.26208,0.49339,0.92800,1.00000,0.52267,0.48587,0.52587,0.29904,0.50561,0.64710,0.62049,0.66809,0.63921,0.45985,0.26001,0.64079,0.80470,0.43048,0.84874,0.48217,0.25476,0.46082,0.64695,0.68999,0.39272,0.73782,0.70389,0.37499,0.35090,0.79356,0.36825,0.58559,0.76827,0.48518,0.35609,0.45722,0.66485,0.40717,0.47143,0.42378,0.47319,0.37219,0.66083,0.46304,0.42486
0.87275,0.24958,0.61490,0.65791,0.32607,0.19006,0.36193,0.66818,0.23444,0.39670,0.36366,0.33776,0.55856,0.26134,0.35084,0.28948,0.73249,0.18174,0.60966,0.26466,0.30044,0.58538,0.53699,0.51338,0.46148,0.62193,0.28612,0.00112,0.44973,0.96778,0.25586,0.63678,0.46898,0.74727,0.69647,0.46622,0.21004,0.60176,0.52267,1.00000,0.90849,0.67711,0.78971,0.81426,0.83292,0.53605,0.69194,0.71439,0.97607,0.88038,0.74050,0.71993,0.55624,0.38364,0.66603,0.79874,0.78623,0.62272,0.67818,0.47477,0.48777,0.69057,0.71267,0.94838,0.78966,0.88937,0.59478,0.68567,0.64022,0.94340,0.59603,0.65329,0.49613,0.84957,0.89319,0.70826,0.42187,0.66189,0.58562,0.54762
0.66737,0.31008,0.51600,0.50339,0.29906,0.27116,0.36715,0.50911,0.29190,0.48673,0.37231,0.29011,0.46118,0.30387,0.28695,0.27022,0.52685,0.33695,0.48236,0.24865,0.31147,0.46859,0.44990,0.44880,0.49911,0.49919,0.42511,0.05357,0.41262,0.82901,0.20067,0.49207,0.48360,0.55166,0.58348,0.43600,0.21268,0.47890,0.48587,0.90849,1.00000,0.42884,0.52960,0.96683,0.84679,0.50641,0.47397,0.47530,0.96258,0.72482,0.74967,0.58485,0.76423,0.37786,0.41368,0.55489,0.51598,0.60076,0.48114,0.69702,0.45379,0.49108,0.44164,0.82519,0.68893,0.94217,0.58480,0.62607,0.77717,0.78536,0.73337,0.63069,0.72740,0.99150,0.98277,0.44431,0.65262,0.64231,0.66252,0.73990
0.86811,0.19883,0.69076,0.76779,0.39598,0.15214,0.34458,0.77782,0.22553,0.24221,0.32590,0.40273,0.64132,0.27143,0.40522,0.36982,0.88046,0.09824,0.70354,0.35190,0.35241,0.67965,0.60338,0.55769,0.33224,0.73230,0.15586,0.11247,0.48315,0.77277,0.35885,0.77148,0.34098,0.85415,0.75994,0.39472,0.30297,0.69275,0.52587,0.67711,0.42884,1.00000,0.85150,0.36828,0.57858,0.50892,0.97113,0.98225,0.54446,0.61567,0.55559,0.78098,0.24475,0.40789,0.99766,0.78695,0.95334,0.54262,0.93848,0.19176,0.50655,0.94233,0.95430,0.62503,0.71212,0.37848,0.50888,0.62419,0.36632,0.68136,0.34723,0.55854,0.18676,0.35131,0.37818,0.98973,0.15400,0.55832,0.40308,0.26274
0.79922,0.06006,0.43831,0.54216,0.25380,0.03220,0.15390,0.55665,0.06882,0.20025,0.15165,0.29830,0.39152,0.09692,0.33490,0.22840,0.69461,0.03190,0.46606,0.21611,0.16839,0.43496,0.36231,0.32504,0.28168,0.47709,0.09663,0.07308,0.25516,0.78676,0.28503,0.52078,0.31575,0.67885,0.51854,0.35924,0.17126,0.45414,0.29904,0.78971,0.52960,0.85150,1.00000,0.39395,0.49721,0.35233,0.75172,0.80845,0.70233,0.89726,0.43643,0.56937,0.18072,0.19387,0.87066,0.99208,0.95660,0.39119,0.69565,0.12480,0.31080,0.70350,0.96102,0.86173,0.56675,0.59828,0.37006,0.45305,0.27932,0.90457,0.25310,0.40820,0.13009,0.44188,0.54231,0.91110,0.08991,0.41099,0.29510,0.18642
0.59455,0.33553,0.52118,0.47958,0.38371,0.30997,0.38136,0.48311,0.33552,0.57916,0.38355,0.37124,0.45961,0.35217,0.35870,0.35358,0.47909,0.45323,0.46931,0.33111,0.38069,0.45946,0.45003,0.46251,0.58896,0.49513,0.53471,0.12555,0.43245,0.75659,0.27044,0.47847,0.55578,0.50504,0.58876,0.50555,0.29239,0.46745,0.50561,0.81426,0.96683,0.36828,0.39395,1.00000,0.88935,0.59123,0.44120,0.42046,0.87110,0.56248,0.81918,0.58434,0.89652,0.41363,0.34742,0.40765,0.41068,0.68034,0.46706,0.84639,0.52020,0.47347,0.33984,0.67934,0.69131,0.83739,0.67473,0.66927,0.89093,0.63796,0.85648,0.70502,0.87041,0.97966,0.91450,0.36228,0.81109,0.71684,0.77692,0.87549
0.78298,0.39465,0.71550,0.70155,0.63447,0.35589,0.49403,0.70605,0.42825,0.60976,0.47579,0.63457,0.65329,0.47411,0.62141,0.59136,0.70198,0.37203,0.68421,0.56095,0.57215,0.66747,0.64797,0.66422,0.71392,0.70260,0.49382,0.05082,0.61304,0.87270,0.51386,0.69504,0.68540,0.72689,0.79844,0.70719,0.49081,0.68084,0.64710,0.83292,0.84679,0.57858,0.49721,0.88935,1.00000,0.84729,0.68229,0.64163,0.79809,0.53513,0.98321,0.81247,0.82438,0.58303,0.54820,0.47954,0.57543,0.91417,0.72154,0.76666,0.76569,0.72696,0.49823,0.64678,0.90480,0.66664,0.90310,0.90276,0.91081,0.63939,0.88604,0.93113,0.77278,0.82335,0.74868,0.55021,0.72461,0.93795,0.89324,0.83049
0.64660,0.53640,0.67893,0.68128,0.93299,0.54123,0.58203,0.68161,0.62746,0.52139,0.52855,0.93070,0.65657,0.68425,0.90228,0.90476,0.63302,0.26050,0.68966,0.88474,0.83208,0.67558,0.69080,0.74986,0.71109,0.67045,0.37637,0.03203,0.72203,0.65374,0.85230,0.66181,0.68669,0.66097,0.73770,0.80953,0.82427,0.69045,0.62049,0.53605,0.50641,0.50892,0.35233,0.59123,0.84729,1.00000,0.62270,0.56265,0.45739,0.27773,0.92124,0.76092,0.64492,0.74215,0.47993,0.31758,0.45104,0.98873,0.67363,0.61589,0.94789,0.67793,0.40404,0.34904,0.86113,0.31645,0.98132,0.94496,0.75529,0.36398,0.75230,0.98093,0.60908,0.49042,0.39545,0.46317,0.59490,0.97709,0.83889,0.66636
0.90759,0.30557,0.81969,0.86923,0.48371,0.24078,0.47548,0.87634,0.32913,0.29542,0.45580,0.47513,0.77022,0.38064,0.46366,0.45346,0.94221,0.12866,0.81913,0.43035,0.45921,0.80037,0.73251,0.68854,0.39968,0.85124,0.19959,0.09081,0.61611,0.81342,0.40485,0.87900,0.39745,0.92383,0.88059,0.45527,0.37451,0.81025,0.66809,0.69194,0.47397,0.97113,0.75172,0.44120,0.68229,0.62270,1.00000,0.98977,0.55640,0.53662,0.67003,0.88338,0.33532,0.53599,0.95326,0.68057,0.89677,0.66089,0.98821,0.27900,0.62846,0.99308,0.87001,0.57911,0.81875,0.37606,0.62229,0.74579,0.46699,0.62857,0.44703,0.67784,0.27400,0.40312,0.40052,0.93762,0.23871,0.67730,0.50644,0.35514
0.92611,0.28074,0.79626,0.86314,0.43443,0.21594,0.45042,0.87150,0.29967,0.23019,0.43233,0.42397,0.75147,0.34843,0.41320,0.40762,0.95052,0.08984,0.80689,0.38677,0.41885,0.78587,0.71318,0.66346,0.32875,0.83305,0.14531,0.11729,0.58863,0.82639,0.36608,0.86653,0.32996,0.93075,0.85277,0.39025,0.33663,0.79711,0.63921,0.71439,0.47530,0.98225,0.80845,0.42046,0.64163,0.56265,0.98977,1.00000,0.57819,0.59299,0.61576,0.85120,0.28628,0.50374,0.96845,0.74022,0.93986,0.60147,0.95963,0.22950,0.58137,0.96923,0.91165,0.62635,0.79588,0.40463,0.55739,0.70417,0.40892,0.67847,0.38505,0.62070,0.22793,0.39976,0.41618,0.96634,0.19038,0.61994,0.43644,0.30137
0.75990,0.24754,0.52018,0.54288,0.25221,0.19684,0.32763,0.55169,0.22105,0.41628,0.33540,0.26025,0.46702,0.23515,0.27339,0.22055,0.60344,0.23140,0.50451,0.19884,0.24669,0.48492,0.44896,0.43155,0.44715,0.51761,0.32833,0.00960,0.38242,0.89802,0.18260,0.52424,0.45044,0.62216,0.59320,0.41845,0.15640,0.49837,0.45985,0.97607,0.96258,0.54446,0.70233,0.87110,0.79809,0.45739,0.55640,0.57819,1.00000,0.87196,0.69141,0.60620,0.60618,0.32918,0.53612,0.73046,0.66637,0.54987,0.54463,0.52762,0.40614,0.55661,0.59570,0.94361,0.69612,0.96363,0.52889,0.59867,0.65582,0.91874,0.61000,0.58129,0.55513,0.92280,0.96670,0.57965,0.47650,0.59193,0.56903,0.58837
0.70056,0.08342,0.34335,0.41326,0.14497,0.04651,0.14965,0.42577,0.05659,0.27671,0.16323,0.19189,0.30127,0.06527,0.23683,0.11862,0.53426,0.09397,0.35402,0.10561,0.08724,0.32960,0.27721,0.24558,0.32012,0.36204,0.17618,0.02021,0.19382,0.79009,0.16498,0.38885,0.35322,0.53584,0.41201,0.34753,0.06710,0.34500,0.26001,0.88038,0.72482,0.61567,0.89726,0.56248,0.53513,0.27773,0.53662,0.59299,0.87196,1.00000,0.43910,0.44433,0.28053,0.13984,0.63204,0.93774,0.78426,0.33979,0.49068,0.21255,0.21814,0.50119,0.76097,0.98283,0.50362,0.84608,0.32812,0.38537,0.35426,0.98503,0.32004,0.36229,0.22888,0.65232,0.77701,0.68941,0.16969,0.36980,0.32646,0.27445
0.73532,0.41768,0.70744,0.68947,0.73589,0.39061,0.50698,0.69265,0.47060,0.64118,0.48013,0.74276,0.65047,0.52239,0.72907,0.69271,0.67509,0.38881,0.67947,0.66320,0.64552,0.66403,0.65303,0.68200,0.77018,0.69389,0.51470,0.06080,0.63575,0.80632,0.62516,0.68403,0.73891,0.70035,0.78777,0.78411,0.58890,0.67723,0.64079,0.74050,0.74967,0.55559,0.43643,0.81918,0.98321,0.92124,0.67003,0.61576,0.69141,0.43910,1.00000,0.80471,0.81505,0.62017,0.52400,0.41252,0.52515,0.96814,0.71922,0.76807,0.82942,0.72257,0.45714,0.54246,0.89923,0.54858,0.96479,0.93071,0.91290,0.54151,0.89854,0.97668,0.76586,0.72953,0.63714,0.51577,0.73194,0.98127,0.93152,0.83017
0.90726,0.47773,0.89766,0.92100,0.60546,0.39938,0.64129,0.92447,0.49514,0.31973,0.62026,0.57167,0.86032,0.54793,0.54094,0.57400,0.92061,0.10925,0.89975,0.54627,0.61618,0.88386,0.84988,0.83406,0.44501,0.90417,0.20021,0.00751,0.77356,0.85309,0.47700,0.91115,0.44380,0.93231,0.95667,0.51428,0.48765,0.89530,0.80470,0.71993,0.58485,0.78098,0.56937,0.58434,0.81247,0.76092,0.88338,0.85120,0.60620,0.44433,0.80471,1.00000,0.47296,0.70614,0.74747,0.50911,0.72816,0.80120,0.92103,0.41749,0.78933,0.92151,0.65607,0.53422,0.94266,0.44049,0.75008,0.89645,0.58409,0.56256,0.55422,0.82020,0.42898,0.53857,0.49813,0.73866,0.38580,0.81854,0.60357,0.47770
0.38997,0.27369,0.42563,0.34381,0.46276,0.27415,0.29960,0.34435,0.30147,0.74370,0.30432,0.47278,0.35643,0.32337,0.46635,0.42988,0.32332,0.68157,0.34534,0.40900,0.39473,0.34306,0.34160,0.36693,0.73868,0.39143,0.73730,0.33012,0.34791,0.53164,0.37152,0.36459,0.68422,0.34205,0.48570,0.62528,0.36310,0.34527,0.43048,0.55624,0.76423,0.24475,0.18072,0.89652,0.82438,0.64492,0.33532,0.28628,0.60618,0.28053,0.81505,0.47296,1.00000,0.35476,0.22229,0.18058,0.22060,0.71146,0.38260,0.99316,0.51988,0.38132,0.17433,0.38750,0.56804,0.55529,0.73850,0.61607,0.97055,0.35375,0.96603,0.72054,0.99316,0.80330,0.66703,0.21242,0.98042,0.73221,0.89351,0.99637
0.58940,0.92547,0.82087,0.81426,0.78163,0.89566,0.94996,0.80536,0.94981,0.09670,0.90038,0.65720,0.87407,0.96923,0.55202,0.79750,0.67862,0.01073,0.86691,0.79184,0.94317,0.87405,0.92725,0.96719,0.22368,0.80773,0.04006,0.04370,0.98680,0.51499,0.61091,0.78856,0.19614,0.70981,0.77148,0.31683,0.80810,0.87458,0.84874,0.38364,0.37786,0.40789,0.19387,0.41363,0.58303,0.74215,0.53599,0.50374,0.32918,0.13984,0.62017,0.70614,0.35476,1.00000,0.37193,0.15188,0.33747,0.71238,0.55717,0.32477,0.90581,0.57452,0.27542,0.21572,0.77988,0.26740,0.64405,0.82206,0.40525,0.21915,0.37953,0.71550,0.34676,0.38159,0.32432,0.35892,0.31423,0.70370,0.41964,0.34385
0.84649,0.17138,0.64761,0.73024,0.37584,0.13107,0.30718,0.74091,0.19951,0.23174,0.28876,0.38742,0.59844,0.24347,0.39400,0.35088,0.85173,0.09104,0.66339,0.33452,0.32554,0.63838,0.56159,0.51737,0.31846,0.69080,0.14659,0.11279,0.44360,0.75332,0.35082,0.73219,0.33048,0.82386,0.71925,0.38323,0.28758,0.65229,0.48217,0.66603,0.41368,0.99766,0.87066,0.34742,0.54820,0.47993,0.95326,0.96845,0.53612,0.63204,0.52400,0.74747,0.22229,0.37193,1.00000,0.80920,0.95769,0.51135,0.91727,0.17097,0.47368,0.92001,0.96781,0.63139,0.67743,0.37630,0.48001,0.58869,0.34035,0.68883,0.32201,0.52639,0.16597,0.33560,0.36946,0.99324,0.13449,0.52623,0.37752,0.23980
0.75541,0.04366,0.37935,0.47817,0.21932,0.01834,0.12338,0.49261,0.04504,0.21354,0.12594,0.27087,0.33414,0.06719,0.31418,0.19402,0.62919,0.03849,0.40459,0.18267,0.12991,0.37452,0.30685,0.27241,0.28739,0.41408,0.10780,0.05902,0.20793,0.76898,0.25989,0.45488,0.32461,0.61675,0.45789,0.35834,0.13949,0.39322,0.25476,0.79874,0.55489,0.78695,0.99208,0.40765,0.47954,0.31758,0.68057,0.74022,0.73046,0.93774,0.41252,0.50911,0.18058,0.15188,0.80920,1.00000,0.91605,0.35831,0.62501,0.12412,0.26537,0.63270,0.92080,0.89540,0.52250,0.64903,0.34270,0.40946,0.27343,0.93018,0.24708,0.37501,0.13090,0.46890,0.58245,0.85574,0.08912,0.37882,0.28484,0.18442
0.90325,0.14896,0.62062,0.72048,0.33591,0.10289,0.28539,0.73333,0.16466,0.19152,0.27428,0.35463,0.57328,0.20502,0.36948,0.30943,0.85376,0.03867,0.64733,0.29289,0.28138,0.61773,0.53928,0.49356,0.28480,0.66263,0.09583,0.10066,0.41504,0.84257,0.32332,0.70619,0.30588,0.83545,0.69503,0.36271,0.24429,0.63541,0.46082,0.78623,0.51598,0.95334,0.95660,0.41068,0.57543,0.45104,0.89677,0.93986,0.66637,0.78426,0.52515,0.72816,0.22060,0.33747,0.95769,0.91605,1.00000,0.49209,0.84646,0.16199,0.44179,0.85667,0.98590,0.78201,0.69885,0.51900,0.45571,0.58440,0.33209,0.83380,0.30411,0.51198,0.16559,0.42896,0.49388,0.98363,0.12439,0.51296,0.34966,0.22925
0.69972,0.49894,0.71173,0.70727,0.87199,0.48837,0.56774,0.70869,0.57632,0.56949,0.52335,0.87226,0.67581,0.63337,0.84835,0.83682,0.67076,0.30463,0.70841,0.81211,0.77472,0.69347,0.69785,0.74493,0.74127,0.70175,0.42722,0.03687,0.70820,0.72724,0.77512,0.69286,0.71402,0.69805,0.77963,0.81048,0.74389,0.70797,0.64695,0.62272,0.60076,0.54262,0.39119,0.68034,0.91417,0.98873,0.66089,0.60147,0.54987,0.33979,0.96814,0.80120,0.71146,0.71238,0.51135,0.35831,0.49209,1.00000,0.71261,0.67429,0.92238,0.71660,0.43490,0.42526,0.89760,0.40171,0.99270,0.96118,0.82263,0.43571,0.81510,0.99865,0.66879,0.58113,0.48579,0.49710,0.64673,0.99782,0.88525,0.73161
0.88877,0.32225,0.82993,0.86403,0.52181,0.25617,0.49159,0.87024,0.34754,0.35211,0.47309,0.51674,0.77561,0.40110,0.50686,0.48768,0.92236,0.15545,0.81984,0.46217,0.48726,0.80230,0.74042,0.70360,0.46114,0.85426,0.24243,0.05716,0.63289,0.80601,0.43545,0.87573,0.46000,0.90852,0.89853,0.51488,0.39997,0.81185,0.68999,0.67818,0.48114,0.93848,0.69565,0.46706,0.72154,0.67363,0.98821,0.95963,0.54463,0.49068,0.71922,0.92103,0.38260,0.55717,0.91727,0.62501,0.84646,0.71261,1.00000,0.32770,0.66623,0.99831,0.81753,0.54261,0.84006,0.35975,0.67830,0.78257,0.51852,0.58852,0.50075,0.72809,0.32181,0.41545,0.39600,0.89258,0.28859,0.72788,0.56572,0.40439
0.31874,0.25581,0.37715,0.28901,0.45268,0.26387,0.27065,0.28873,0.28664,0.74956,0.27716,0.46539,0.31086,0.30643,0.46002,0.42247,0.26359,0.72107,0.29427,0.40394,0.37883,0.29426,0.29646,0.32414,0.73282,0.34135,0.76077,0.39504,0.31066,0.45250,0.37217,0.31267,0.67650,0.28058,0.43050,0.61393,0.36187,0.29483,0.39272,0.47477,0.69702,0.19176,0.12480,0.84639,0.76666,0.61589,0.27900,0.22950,0.52762,0.21255,0.76807,0.41749,0.99316,0.32477,0.17097,0.12412,0.16199,0.67429,0.32770,1.00000,0.48812,0.32503,0.12330,0.31137,0.50504,0.48433,0.70718,0.56572,0.94718,0.27884,0.94899,0.67974,0.99679,0.74476,0.59846,0.15912,0.99637,0.69094,0.87323,0.99010
0.66998,0.72713,0.77390,0.78752,0.93767,0.72459,0.76335,0.78454,0.80729,0.30520,0.69932,0.87547,0.78575,0.85552,0.80574,0.92960,0.70161,0.10769,0.81327,0.91581,0.94694,0.80423,0.83691,0.89670,0.49019,0.76676,0.18829,0.01673,0.88464,0.62956,0.81347,0.75703,0.46441,0.73338,0.79383,0.61004,0.88745,0.81672,0.73782,0.48777,0.45379,0.50655,0.31080,0.52020,0.76569,0.94789,0.62846,0.58137,0.40614,0.21814,0.82942,0.78933,0.51988,0.90581,0.47368,0.26537,0.44179,0.92238,0.66623,0.48812,1.00000,0.67738,0.38647,0.29453,0.88421,0.28555,0.88123,0.95431,0.61053,0.30979,0.59460,0.91880,0.49643,0.44441,0.36024,0.45957,0.47181,0.90990,0.66877,0.52584
0.90424,0.33802,0.84561,0.88248,0.52858,0.27057,0.50942,0.88859,0.36320,0.33649,0.48935,0.51932,0.79412,0.41696,0.50604,0.49552,0.93915,0.14559,0.83874,0.47022,0.50063,0.82128,0.75961,0.72199,0.44862,0.87093,0.22912,0.06352,0.65136,0.81913,0.43844,0.89291,0.44531,0.92580,0.90983,0.50440,0.40953,0.83080,0.70389,0.69057,0.49108,0.94233,0.70350,0.47347,0.72696,0.67793,0.99308,0.96923,0.55661,0.50119,0.72257,0.92151,0.38132,0.57452,0.92001,0.63270,0.85667,0.71660,0.99831,0.32503,0.67738,1.00000,0.82325,0.55475,0.85292,0.37222,0.67950,0.79279,0.51695,0.60049,0.49773,0.73269,0.32011,0.42466,0.40756,0.89911,0.28511,0.73219,0.56141,0.40209
0.82921,0.10257,0.53551,0.63883,0.31489,0.07320,0.21562,0.65205,0.12651,0.18419,0.20257,0.34184,0.48860,0.16386,0.36222,0.29172,0.78454,0.04181,0.56363,0.27880,0.24552,0.53387,0.45624,0.41525,0.27054,0.58063,0.09404,0.10690,0.34140,0.76202,0.32453,0.62719,0.29484,0.75982,0.61260,0.35034,0.23508,0.55156,0.37499,0.71267,0.44164,0.95430,0.96102,0.33984,0.49823,0.40404,0.87001,0.91165,0.59570,0.76097,0.45714,0.65607,0.17433,0.27542,0.96781,0.92080,0.98590,0.43490,0.81753,0.12330,0.38647,0.82325,1.00000,0.73634,0.61351,0.45837,0.40636,0.50985,0.27990,0.79235,0.25771,0.45038,0.12351,0.35743,0.42550,0.98526,0.08991,0.45093,0.30735,0.18528
0.76451,0.14020,0.43467,0.49414,0.18205,0.09260,0.22246,0.50597,0.11131,0.31910,0.23425,0.21563,0.38719,0.12383,0.25037,0.15221,0.59938,0.12729,0.43848,0.13496,0.14319,0.41428,0.36300,0.33202,0.36245,0.44827,0.21758,0.00802,0.27635,0.86696,0.16865,0.47034,0.38701,0.60674,0.50751,0.37443,0.09231,0.42983,0.35090,0.94838,0.82519,0.62503,0.86173,0.67934,0.64678,0.34904,0.57911,0.62635,0.94361,0.98283,0.54246,0.53422,0.38750,0.21572,0.63139,0.89540,0.78201,0.42526,0.54261,0.31137,0.29453,0.55475,0.73634,1.00000,0.60178,0.90478,0.40699,0.48128,0.46066,0.99508,0.42019,0.45268,0.33204,0.75823,0.85955,0.68665,0.26277,0.46136,0.41276,0.37779
0.91564,0.55606,0.88142,0.91325,0.71682,0.49878,0.68446,0.91641,0.59287,0.35059,0.64644,0.67410,0.85608,0.64600,0.63051,0.68798,0.89543,0.12654,0.90090,0.66144,0.72488,0.88288,0.86666,0.87610,0.49979,0.88468,0.22486,0.00502,0.82390,0.90216,0.57562,0.88854,0.48420,0.91952,0.93433,0.57297,0.60670,0.89805,0.79356,0.78966,0.68893,0.71212,0.56675,0.69131,0.90480,0.86113,0.81875,0.79588,0.69612,0.50362,0.89923,0.94266,0.56804,0.77988,0.67743,0.52250,0.69885,0.89760,0.84006,0.50504,0.88421,0.85292,0.61351,0.60178,1.00000,0.54107,0.84768,0.97590,0.68192,0.61865,0.64880,0.91485,0.51828,0.64594,0.60238,0.68391,0.46672,0.91318,0.69527,0.57137
0.60072,0.25495,0.38887,0.39946,0.15168,0.21428,0.29428,0.40599,0.21412,0.35877,0.30623,0.15133,0.35308,0.21143,0.16276,0.13165,0.44016,0.22518,0.37534,0.11698,0.18184,0.36219,0.34399,0.33235,0.35429,0.37940,0.30089,0.01949,0.30469,0.76407,0.09459,0.37942,0.35921,0.46185,0.43933,0.30728,0.09613,0.37170,0.36825,0.88937,0.94217,0.37848,0.59828,0.83739,0.66664,0.31645,0.37606,0.40463,0.96363,0.84608,0.54858,0.44049,0.55529,0.26740,0.37630,0.64903,0.51900,0.40171,0.35975,0.48433,0.28555,0.37222,0.45837,0.90478,0.54107,1.00000,0.38395,0.44884,0.56414,0.86103,0.51771,0.43167,0.51989,0.92270,0.98558,0.42330,0.44002,0.44233,0.45228,0.52601
0.64533,0.43675,0.64951,0.63690,0.85834,0.43245,0.49886,0.63867,0.51635,0.64366,0.45881,0.87906,0.60633,0.57288,0.86954,0.81888,0.60796,0.37254,0.63595,0.79387,0.72685,0.62144,0.62384,0.67184,0.80874,0.63814,0.50051,0.06310,0.63538,0.68750,0.78164,0.62815,0.78154,0.63302,0.72378,0.86611,0.71915,0.63524,0.58559,0.59478,0.58480,0.50888,0.37006,0.67473,0.90310,0.98132,0.62229,0.55739,0.52889,0.32812,0.96479,0.75008,0.73850,0.64405,0.48001,0.34270,0.45571,0.99270,0.67830,0.70718,0.88123,0.67950,0.40636,0.40699,0.84768,0.38395,1.00000,0.92223,0.84977,0.41581,0.84971,0.98800,0.69506,0.56720,0.46762,0.46250,0.68084,0.98863,0.92311,0.76441
0.81753,0.60359,0.83760,0.85373,0.83437,0.56991,0.69755,0.85470,0.66360,0.40236,0.64945,0.79362,0.81807,0.71865,0.74460,0.80809,0.80894,0.16724,0.85581,0.78394,0.81911,0.84063,0.84321,0.87694,0.57114,0.83355,0.27108,0.00598,0.83780,0.80891,0.69853,0.82950,0.54782,0.83766,0.88762,0.65523,0.73053,0.85534,0.76827,0.68567,0.62607,0.62419,0.45305,0.66927,0.90276,0.94496,0.74579,0.70417,0.59867,0.38537,0.93071,0.89645,0.61607,0.82206,0.58869,0.40946,0.58440,0.96118,0.78257,0.56572,0.95431,0.79279,0.50985,0.48128,0.97590,0.44884,0.92223,1.00000,0.72580,0.49551,0.70221,0.96911,0.57384,0.59822,0.52498,0.58355,0.53474,0.96580,0.76169,0.62399
0.50961,0.27560,0.51289,0.44656,0.54594,0.26310,0.33249,0.44862,0.31021,0.78939,0.33059,0.57141,0.43819,0.34420,0.57434,0.50247,0.43771,0.64098,0.43958,0.47575,0.44368,0.43260,0.42135,0.44348,0.82726,0.48601,0.73411,0.24154,0.41053,0.64029,0.45375,0.46501,0.77899,0.45618,0.58790,0.74199,0.40980,0.43802,0.48518,0.64022,0.77717,0.36632,0.27932,0.89093,0.91081,0.75529,0.46699,0.40892,0.65582,0.35426,0.91290,0.58409,0.97055,0.40525,0.34035,0.27343,0.33209,0.82263,0.51852,0.94718,0.61053,0.51695,0.27990,0.46066,0.68192,0.56414,0.84977,0.72580,1.00000,0.43746,0.99685,0.83101,0.93924,0.79042,0.66821,0.32638,0.92096,0.84213,0.96693,0.98141
0.79740,0.12589,0.45382,0.52357,0.20186,0.07825,0.21720,0.53625,0.10291,0.30224,0.22697,0.23892,0.40486,0.11984,0.27514,0.17104,0.63952,0.10544,0.46236,0.15359,0.15146,0.43601,0.37858,0.34475,0.35713,0.47254,0.19487,0.01409,0.28352,0.87909,0.19504,0.49922,0.38431,0.64340,0.53029,0.38386,0.10749,0.45279,0.35609,0.94340,0.78536,0.68136,0.90457,0.63796,0.63939,0.36398,0.62857,0.67847,0.91874,0.98503,0.54151,0.56256,0.35375,0.21915,0.68883,0.93018,0.83380,0.43571,0.58852,0.27884,0.30979,0.60049,0.79235,0.99508,0.61865,0.86103,0.41581,0.49551,0.43746,1.00000,0.39864,0.46207,0.29652,0.71088,0.81374,0.74366,0.23118,0.46980,0.40302,0.34767
0.47126,0.25114,0.48418,0.41429,0.54774,0.24179,0.30564,0.41606,0.28856,0.82224,0.30453,0.58226,0.40922,0.32295,0.59096,0.50307,0.40554,0.67916,0.40799,0.47668,0.42930,0.40207,0.39090,0.41340,0.85708,0.45758,0.77018,0.27343,0.38189,0.59848,0.46608,0.43620,0.80814,0.42195,0.55797,0.76808,0.40826,0.40655,0.45722,0.59603,0.73337,0.34723,0.25310,0.85648,0.88604,0.75230,0.44703,0.38505,0.61000,0.32004,0.89854,0.55422,0.96603,0.37953,0.32201,0.24708,0.30411,0.81510,0.50075,0.94899,0.59460,0.49773,0.25771,0.42019,0.64880,0.51771,0.84971,0.70221,0.99685,0.39864,1.00000,0.82034,0.93553,0.74784,0.62146,0.30415,0.92543,0.83150,0.97651,0.98183
0.72521,0.50033,0.73143,0.72741,0.85238,0.48411,0.57652,0.72911,0.57261,0.56340,0.53402,0.84883,0.69357,0.62934,0.82329,0.81652,0.69328,0.30058,0.72676,0.79078,0.76474,0.71146,0.71307,0.75612,0.73023,0.72153,0.42302,0.03336,0.71698,0.75539,0.74747,0.71304,0.70262,0.72071,0.80018,0.79352,0.72244,0.72599,0.66485,0.65329,0.63069,0.55854,0.40820,0.70502,0.93113,0.98093,0.67784,0.62070,0.58129,0.36229,0.97668,0.82020,0.72054,0.71550,0.52639,0.37501,0.51198,0.99865,0.72809,0.67974,0.91880,0.73269,0.45038,0.45268,0.91485,0.43167,0.98800,0.96911,0.83101,0.46207,0.82034,1.00000,0.67633,0.60954,0.51637,0.51403,0.65008,0.99972,0.88433,0.73869
0.33155,0.28361,0.38700,0.30108,0.44982,0.29182,0.29342,0.30072,0.31243,0.71233,0.29847,0.45288,0.32347,0.33037,0.44143,0.42242,0.27164,0.68464,0.30810,0.40463,0.39385,0.30769,0.31317,0.34332,0.69601,0.34987,0.72339,0.36872,0.33151,0.46934,0.36169,0.32058,0.64119,0.29131,0.43970,0.58162,0.36748,0.30897,0.40717,0.49613,0.72740,0.18676,0.13009,0.87041,0.77278,0.60908,0.27400,0.22793,0.55513,0.22888,0.76586,0.42898,0.99316,0.34676,0.16597,0.13090,0.16559,0.66879,0.32181,0.99679,0.49643,0.32011,0.12351,0.33204,0.51828,0.51989,0.69506,0.57384,0.93924,0.29652,0.93553,0.67633,1.00000,0.77798,0.63436,0.15758,0.99317,0.68721,0.85186,0.98372
0.59373,0.33328,0.48201,0.45547,0.29770,0.30288,0.37148,0.45957,0.31707,0.48938,0.37607,0.28009,0.43115,0.32491,0.26985,0.27343,0.46167,0.37052,0.44372,0.25412,0.32384,0.43333,0.42486,0.43154,0.48782,0.45908,0.44661,0.08275,0.40498,0.76333,0.19415,0.44610,0.46621,0.48869,0.54198,0.41170,0.22632,0.44177,0.47143,0.84957,0.99150,0.35131,0.44188,0.97966,0.82335,0.49042,0.40312,0.39976,0.92280,0.65232,0.72953,0.53857,0.80330,0.38159,0.33560,0.46890,0.42896,0.58113,0.41545,0.74476,0.44441,0.42466,0.35743,0.75823,0.64594,0.92270,0.56720,0.59822,0.79042,0.71088,0.74784,0.60954,0.77798,1.00000,0.97401,0.36244,0.70671,0.62110,0.66079,0.77355
0.61652,0.29381,0.44243,0.43878,0.21335,0.25526,0.33579,0.44447,0.26216,0.41253,0.34434,0.20395,0.39949,0.26431,0.20537,0.19104,0.46560,0.28100,0.41903,0.17382,0.24545,0.40648,0.39143,0.38669,0.40996,0.42748,0.35899,0.03711,0.35800,0.78429,0.13277,0.42237,0.40394,0.49016,0.49846,0.35045,0.14953,0.41595,0.42378,0.89319,0.98277,0.37818,0.54231,0.91450,0.74868,0.39545,0.40052,0.41618,0.96670,0.77701,0.63714,0.49813,0.66703,0.32432,0.36946,0.58245,0.49388,0.48579,0.39600,0.59846,0.36024,0.40756,0.42550,0.85955,0.60238,0.98558,0.46762,0.52498,0.66821,0.81374,0.62146,0.51637,0.63436,0.97401,1.00000,0.40886,0.55507,0.52759,0.54532,0.63660
0.87242,0.16130,0.63914,0.73135,0.35891,0.11944,0.29802,0.74298,0.18573,0.20253,0.28169,0.37180,0.59146,0.22861,0.38039,0.33428,0.85958,0.06423,0.66106,0.31835,0.30871,0.63399,0.55542,0.50963,0.29203,0.68332,0.11633,0.11693,0.43346,0.78615,0.33968,0.72678,0.30723,0.83434,0.71070,0.36398,0.27194,0.64948,0.47319,0.70826,0.44431,0.98973,0.91110,0.36228,0.55021,0.46317,0.93762,0.96634,0.57965,0.68941,0.51577,0.73866,0.21242,0.35892,0.99324,0.85574,0.98363,0.49710,0.89258,0.15912,0.45957,0.89911,0.98526,0.68665,0.68391,0.42330,0.46250,0.58355,0.32638,0.74366,0.30415,0.51403,0.15758,0.36244,0.40886,1.00000,0.12294,0.51404,0.35524,0.22606
0.27497,0.25469,0.34755,0.25709,0.44842,0.26812,0.26017,0.25623,0.28746,0.73585,0.26703,0.45957,0.28498,0.30547,0.45271,0.42117,0.22662,0.73000,0.26563,0.40460,0.37631,0.26686,0.27302,0.30362,0.71279,0.31040,0.75799,0.43152,0.29451,0.40200,0.37330,0.28047,0.65681,0.24353,0.39602,0.59492,0.36679,0.26674,0.37219,0.42187,0.65262,0.15400,0.08991,0.81109,0.72461,0.59490,0.23871,0.19038,0.47650,0.16969,0.73194,0.38580,0.98042,0.31423,0.13449,0.08912,0.12439,0.64673,0.28859,0.99637,0.47181,0.28511,0.08991,0.26277,0.46672,0.44002,0.68084,0.53474,0.92096,0.23118,0.92543,0.65008,0.99317,0.70671,0.55507,0.12294,1.00000,0.66058,0.84683,0.97564
0.72553,0.48902,0.72781,0.72205,0.84185,0.47179,0.56683,0.72393,0.55968,0.57608,0.52603,0.84054,0.68747,0.61617,0.81695,0.80482,0.69033,0.31279,0.72025,0.77856,0.75162,0.70489,0.70499,0.74667,0.73949,0.71752,0.43637,0.03656,0.70656,0.76036,0.73708,0.70886,0.71148,0.71747,0.79836,0.79755,0.70889,0.71930,0.66083,0.66189,0.64231,0.55832,0.41099,0.71684,0.93795,0.97709,0.67730,0.61994,0.59193,0.36980,0.98127,0.81854,0.73221,0.70370,0.52623,0.37882,0.51296,0.99782,0.72788,0.69094,0.90990,0.73219,0.45093,0.46136,0.91318,0.44233,0.98863,0.96580,0.84213,0.46980,0.83150,0.99972,0.68721,0.62110,0.52759,0.51404,0.66058,1.00000,0.89306,0.75053
0.51082,0.25871,0.50998,0.45671,0.64763,0.24964,0.32152,0.45900,0.31069,0.84004,0.31000,0.69884,0.43959,0.35463,0.71698,0.59817,0.44984,0.63193,0.44851,0.57023,0.49071,0.43941,0.42802,0.45654,0.91830,0.48982,0.74713,0.21562,0.42015,0.61569,0.58342,0.47311,0.87939,0.46657,0.59098,0.87203,0.48900,0.44673,0.46304,0.58562,0.66252,0.40308,0.29510,0.77692,0.89324,0.83889,0.50644,0.43644,0.56903,0.32646,0.93152,0.60357,0.89351,0.41964,0.37752,0.28484,0.34966,0.88525,0.56572,0.87323,0.66877,0.56141,0.30735,0.41276,0.69527,0.45228,0.92311,0.76169,0.96693,0.40302,0.97651,0.88433,0.85186,0.66079,0.54532,0.35524,0.84683,0.89306,1.00000,0.92199
0.39272,0.25183,0.42770,0.34581,0.47761,0.25065,0.28534,0.34655,0.28235,0.78259,0.29015,0.49788,0.35569,0.30736,0.49787,0.44096,0.32945,0.70720,0.34512,0.41868,0.38994,0.34261,0.33763,0.36101,0.78307,0.39541,0.76928,0.33866,0.33907,0.52999,0.39259,0.36967,0.72836,0.34609,0.49043,0.66978,0.36596,0.34467,0.42486,0.54762,0.73990,0.26274,0.18642,0.87549,0.83049,0.66636,0.35514,0.30137,0.58837,0.27445,0.83017,0.47770,0.99637,0.34385,0.23980,0.18442,0.22925,0.73161,0.40439,0.99010,0.52584,0.40209,0.18528,0.37779,0.57137,0.52601,0.76441,0.62399,0.98141,0.34767,0.98183,0.73869,0.98372,0.77355,0.63660,0.22606,0.97564,0.75053,0.92199,1.00000
