x1_scaled,x2_scaled,label,split
2.73532,1.22139,1,train
2.18519,0.66431,1,train
2.00466,1.97838,0,test
2.97713,1.45291,1,test
2.6859,0.72852,1,train
1.81648,1.96955,0,train
0.0,1.21755,0,train
1.43314,2.46814,0,test
2.94902,1.64252,1,train
1.69873,2.17093,0,train
2.57919,1.5451,1,train
0.29337,1.9635,0,train
2.41996,0.71277,1,train
1.75714,0.40904,1,train
0.64414,2.17863,0,train
1.93372,2.30014,0,train
0.31968,1.02683,0,test
2.41104,0.64252,1,train
0.61231,2.24413,0,train
1.96379,1.31948,0,test
1.96534,2.15561,0,train
2.67284,0.84319,1,train
0.19777,1.8924,0,train
2.89619,2.04696,1,test
1.81543,0.6244,1,test
1.40573,0.98233,1,train
0.80902,2.76097,0,train
1.82978,0.0,1,test
2.89517,1.21694,1,train
1.43145,2.6787,0,test
1.68609,2.09772,0,train
1.31692,1.39104,1,train
2.06813,1.7538,0,train
2.54572,0.43496,1,test
1.92067,0.59422,1,train
1.20763,0.69269,1,test
1.08206,1.31677,1,train
0.64829,2.75878,0,train
2.08283,0.57335,1,train
2.57123,0.54914,1,train
0.31033,1.35845,0,train
1.32363,1.02052,1,train
2.10979,0.4482,1,train
1.15881,1.62642,1,train
0.99913,2.69768,0,test
1.16999,1.60296,1,train
1.73284,2.16461,0,test
1.0145,2.40076,0,test
2.26097,0.40052,1,train
1.69538,2.34207,0,train
2.82179,1.69382,1,test
0.41796,1.72405,0,train
1.34753,0.70295,1,test
0.98354,2.31689,0,test
0.95385,1.81952,1,train
1.88587,2.4706,0,train
1.49168,2.8534,0,test
0.78446,2.61213,0,train
0.52451,2.39224,0,train
1.64677,0.51869,1,test
2.92792,0.95099,1,test
0.13063,1.13049,0,test
0.2213,1.70471,0,train
1.54509,0.53857,1,test
2.41216,0.67198,1,test
1.72914,0.35974,1,train
0.3618,2.18276,0,train
1.25222,1.26245,1,test
2.14203,0.70726,1,test
3.14159,1.66318,1,test
1.66118,0.49399,1,train
2.55349,1.16241,1,train
1.59781,2.88684,0,test
1.09779,1.66648,1,train
3.11248,1.53361,1,train
0.2799,1.51263,0,train
1.13347,2.663,0,train
2.79665,1.6002,1,train
0.29772,2.34512,0,train
2.33448,0.83235,1,test
0.84126,2.51677,0,train
0.50087,2.16399,0,train
1.52553,0.72613,1,train
1.34637,2.73795,0,test
0.55272,2.22238,0,test
2.01378,1.42597,0,train
1.10309,2.33937,1,train
3.14095,2.00069,1,train
1.30502,3.14159,0,test
1.31387,1.70199,1,train
0.4252,1.83887,0,test
2.29867,0.69807,0,test
1.04556,1.99586,1,train
1.00973,1.65256,1,train
1.96445,1.17485,0,train
1.5526,1.59469,1,train
1.48103,2.88942,0,train
2.05081,0.59588,1,test
1.70004,0.92247,1,test
1.09972,2.85693,0,train
1.82869,1.94157,0,train
0.82239,2.3109,0,train
2.45895,0.53585,1,test
0.57165,2.28716,0,train
1.70463,2.08086,0,train
2.38638,0.33634,1,train
0.75688,2.53993,0,test
3.03192,1.25537,1,test
2.1875,2.4825,0,train
0.55977,2.42231,0,test
2.84889,1.30627,1,train
1.63884,0.60771,1,train
1.53464,2.22522,0,train
1.37801,2.17119,0,train
2.11,0.89386,0,train
1.52029,1.22387,1,train
0.05964,1.16929,0,test
1.96155,1.73213,0,train
1.27612,2.29467,0,train
2.771,1.03532,1,train
